RAT.NUM_ATIVIDADE|DESCRICAO|QUANTIDADE
2024-000004221-001|Qde de veículos fiscalizados|2.0
2024-000004221-001|Qde de locais fiscalizados|5.0
2024-000004221-001|Qde de pessoas abordadas|17.0
2024-000035551-001|Qde de locais fiscalizados|5.0
2024-000035551-001|Qde de veículos fiscalizados|2.0
2024-000035551-001|Qde de pessoas abordadas|3.0
2024-000051435-001|Qde de locais fiscalizados|2.0
2024-000051435-001|Qde de veículos fiscalizados|2.0
2024-000051435-001|Qde de pessoas abordadas|6.0
2024-000052953-001|Qde de AIT/AINA lavradas|3.0
2024-000052953-001|Qde de motocicletas autuadas|1.0
2024-000052953-001|Qde de motocicletas fiscalizadas|21.0
2024-000052953-001|Qde de veículos fiscalizados|21.0
2024-000052953-001|Qde de inabilitados autuados|1.0
2024-000052953-001|Qde de Etilômetros utilizados|1.0
2024-000062240-001|Qde de pessoas abordadas|6.0
2024-000062240-001|Qde de locais fiscalizados|2.0
2024-000062240-001|Qde de veículos fiscalizados|5.0
2024-000057824-001|Qde de veículos fiscalizados|5.0
2024-000057824-001|Qde de carros fiscalizados|5.0
2024-000057824-001|Qde de pessoas abordadas|9.0
2024-000057339-001|Qde de pessoas abordadas|10.0
2024-000057339-001|Qde de carros fiscalizados|6.0
2024-000057339-001|Qde de veículos fiscalizados|7.0
2024-000057339-001|Qde de motocicletas fiscalizadas|1.0
2024-000059773-001|Qde de veículos fiscalizados|5.0
2024-000059773-001|Qde de pessoas abordadas|11.0
2024-000059773-001|Qde de locais fiscalizados|2.0
2024-000067297-001|Qde de locais fiscalizados|1.0
2024-000067297-001|Qde de veículos fiscalizados|15.0
2024-000067297-001|Qde de pessoas abordadas|12.0
2024-003844226-001|Qde de veículos fiscalizados|5.0
2024-003844226-001|Qde de pessoas abordadas|5.0
2024-003844226-001|Qde de locais fiscalizados|1.0
2024-000088355-001|Qde de veículos fiscalizados|7.0
2024-000088355-001|Qde de locais fiscalizados|5.0
2024-000088355-001|Qde de pessoas abordadas|13.0
2024-005089791-001|MANDADO JUDICIAL (AUTOR)|1.0
2024-005089791-001|Qde de pessoas abordadas|16.0
2024-005089791-001|Qde de veículos fiscalizados|3.0
2024-005089791-001|Qde de locais fiscalizados|4.0
2024-000077396-001|Qde de locais fiscalizados|5.0
2024-000077396-001|Qde de pessoas abordadas|16.0
2024-000077396-001|Qde de veículos fiscalizados|6.0
2024-003844990-001|Qde de locais fiscalizados|1.0
2024-003844990-001|Qde de veículos fiscalizados|6.0
2024-003844990-001|Qde de pessoas abordadas|6.0
2024-000087586-001|Qde de locais fiscalizados|5.0
2024-000087586-001|Qde de pessoas abordadas|12.0
2024-000087586-001|Qde de veículos fiscalizados|7.0
2024-000090878-001|Qde de veículos fiscalizados|15.0
2024-000090878-001|Qde de AIT/AINA lavradas|3.0
2024-000090878-001|Qde de veículos retidos por infração de trânsito|3.0
2024-000090878-001|Qde de motocicletas fiscalizadas|15.0
2024-000093740-001|Qde de veículos fiscalizados|6.0
2024-000001375-001|Qde de locais fiscalizados|3.0
2024-000001375-001|Qde de veículos fiscalizados|3.0
2024-000001375-001|Qde de pessoas abordadas|6.0
2024-004923791-001|Qde de veículos fiscalizados|3.0
2024-004923791-001|Qde de pessoas abordadas|13.0
2024-000088264-001|Qde de veículos fiscalizados|7.0
2024-000088264-001|Qde de pessoas abordadas|9.0
2024-000088264-001|Qde de locais fiscalizados|5.0
2024-000091086-001|Qde de veículos fiscalizados|35.0
2024-000091086-001|Qde de pessoas abordadas|60.0
2024-000091086-001|Qde de locais fiscalizados|2.0
2024-000104713-001|Qde de locais fiscalizados|5.0
2024-000104713-001|Qde de pessoas abordadas|9.0
2024-000104713-001|Qde de veículos fiscalizados|2.0
2024-000109340-001|Qde de locais fiscalizados|5.0
2024-000109340-001|Qde de veículos fiscalizados|5.0
2024-000109340-001|Qde de pessoas abordadas|5.0
2024-000113623-001|Qde de pessoas abordadas|5.0
2024-000113623-001|Qde de veículos fiscalizados|5.0
2024-000113623-001|Qde de locais fiscalizados|5.0
2024-000117647-001|Qde de pessoas abordadas|8.0
2024-000117647-001|Qde de veículos fiscalizados|2.0
2024-000117647-001|Qde de locais fiscalizados|3.0
2024-000117794-001|Qde de locais fiscalizados|5.0
2024-000117794-001|Qde de veículos fiscalizados|3.0
2024-000117794-001|Qde de pessoas abordadas|7.0
2024-004546840-001|Qde de veículos fiscalizados|1.0
2024-004546840-001|Qde de pessoas abordadas|4.0
2024-004546840-001|Qde de locais fiscalizados|2.0
2024-000021194-001|Qde de pessoas abordadas|5.0
2024-000021194-001|Qde de locais fiscalizados|5.0
2024-000021194-001|Qde de veículos fiscalizados|5.0
2024-000129325-001|Qde de veículos fiscalizados|3.0
2024-000129325-001|Qde de pessoas abordadas|11.0
2024-000129325-001|Qde de locais fiscalizados|2.0
2024-000134211-001|Qde de veículos fiscalizados|3.0
2024-000134211-001|Qde de locais fiscalizados|1.0
2024-000134211-001|Qde de pessoas abordadas|4.0
2024-000191013-001|Qde de pessoas abordadas|7.0
2024-000191013-001|Qde de veículos fiscalizados|3.0
2024-004659047-001|Qde de motocicletas fiscalizadas|3.0
2024-000177561-001|Qde de pessoas abordadas|5.0
2024-000177561-001|Qde de locais fiscalizados|1.0
2024-000177561-001|Qde de veículos fiscalizados|1.0
2023-060488923-001|Qde de pessoas abordadas|7.0
2023-060488923-001|Qde de locais fiscalizados|1.0
2023-060488923-001|Qde de veículos fiscalizados|4.0
2024-000191026-001|Qde de veículos fiscalizados|2.0
2024-000191026-001|Qde de pessoas abordadas|5.0
2024-000180552-001|Qde de veículos para os quais foi solicitada remoção|2.0
2024-000180552-001|Qde de inabilitados autuados|1.0
2024-000180552-001|AUTOMOVEL - REMOVIDO|1.0
2024-000180552-001|MOTOCICLETA - REMOVIDO|1.0
2024-000180552-001|Qde de motocicletas autuadas|6.0
2024-000180552-001|Qde de AIT/AINA lavradas|22.0
2024-000180552-001|Qde de motocicletas fiscalizadas|6.0
2024-000180552-001|Qde de carros autuados|11.0
2024-000180552-001|Qde de veículos fiscalizados|17.0
2024-000180552-001|Qde de carros fiscalizados|11.0
2024-000180552-001|Qde de veículos autuados|17.0
2024-000180552-001|Qde de pessoas abordadas|28.0
2024-000180552-001|Qde de veículos retidos por infração de trânsito|2.0
2024-000249298-001|Qde de de motofretes fiscalizados|12.0
2024-000191070-001|Qde de pessoas abordadas|3.0
2024-000191070-001|Qde de veículos fiscalizados|1.0
2023-060488964-001|Qde de pessoas abordadas|5.0
2023-060488964-001|Qde de veículos fiscalizados|3.0
2024-000191095-001|Qde de veículos fiscalizados|4.0
2024-000191095-001|Qde de pessoas abordadas|8.0
2023-060488964-001|Qde de locais fiscalizados|1.0
2024-000198990-001|Qde de carros fiscalizados|2.0
2024-000198990-001|Qde de motocicletas fiscalizadas|6.0
2024-000198990-001|Qde de veículos fiscalizados|2.0
2024-000198990-001|Qde de pessoas abordadas|6.0
2024-000191117-001|Qde de veículos fiscalizados|7.0
2024-000191117-001|Qde de pessoas abordadas|9.0
2024-000203900-001|Qde de veículos fiscalizados|4.0
2023-060488992-001|Qde de locais fiscalizados|1.0
2023-060488992-001|Qde de pessoas abordadas|4.0
2023-060488992-001|Qde de veículos fiscalizados|3.0
2024-000217684-001|Qde de locais fiscalizados|2.0
2024-000217684-001|Qde de veículos fiscalizados|2.0
2024-000217684-001|Qde de pessoas abordadas|4.0
2024-000247126-001|Qde de veículos fiscalizados|4.0
2024-000247126-001|Qde de locais fiscalizados|5.0
2024-000247126-001|Qde de pessoas abordadas|4.0
2023-060489038-001|Qde de pessoas abordadas|3.0
2023-060489038-001|Qde de veículos fiscalizados|3.0
2023-060489038-001|Qde de locais fiscalizados|1.0
2024-000221955-001|Qde de carros fiscalizados|8.0
2024-000221955-001|Qde de pessoas abordadas|10.0
2024-000221955-001|Qde de veículos fiscalizados|20.0
2024-000221955-001|Qde de motocicletas fiscalizadas|12.0
2024-000222990-001|Qde de motocicletas fiscalizadas|5.0
2024-000222990-001|Qde de pessoas abordadas|12.0
2024-000222990-001|Qde de carros fiscalizados|5.0
2024-000222990-001|FLAGRANTE DE CRIME / CONTRAVEN (AUTOR)|1.0
2024-000222990-001|Qde de veículos fiscalizados|10.0
2023-060489040-001|Qde de veículos fiscalizados|4.0
2023-060489040-001|Qde de locais fiscalizados|1.0
2023-060489040-001|Qde de pessoas abordadas|6.0
2023-060489094-001|Qde de pessoas abordadas|6.0
2023-060489094-001|Qde de locais fiscalizados|1.0
2023-060489094-001|Qde de veículos fiscalizados|3.0
2023-060489185-001|Qde de locais fiscalizados|1.0
2023-060489185-001|Qde de pessoas abordadas|4.0
2023-060489185-001|Qde de veículos fiscalizados|2.0
2024-000235582-001|Qde de carros fiscalizados|4.0
2024-000235582-001|Qde de veículos fiscalizados|4.0
2024-000235582-001|Qde de pessoas abordadas|8.0
2024-000247063-001|Qde de veículos fiscalizados|4.0
2024-000247063-001|Qde de locais fiscalizados|5.0
2024-000247063-001|Qde de pessoas abordadas|4.0
2024-000236590-001|Qde de veículos fiscalizados|8.0
2024-000236590-001|Qde de pessoas abordadas|11.0
2024-000236590-001|Qde de carros fiscalizados|5.0
2024-000236590-001|Qde de motocicletas fiscalizadas|3.0
2023-060489210-001|Qde de veículos fiscalizados|4.0
2023-060489210-001|Qde de pessoas abordadas|6.0
2023-060489210-001|Qde de locais fiscalizados|1.0
2024-000126610-001|Qde de veículos fiscalizados|11.0
2024-000249558-001|Qde de pessoas abordadas|5.0
2024-000267863-001|Qde de pessoas abordadas|5.0
2024-000267863-001|Qde de veículos fiscalizados|2.0
2024-000267863-001|Qde de locais fiscalizados|2.0
2023-060489445-001|Qde de veículos fiscalizados|5.0
2023-060489445-001|Qde de pessoas abordadas|7.0
2023-060489445-001|Qde de locais fiscalizados|1.0
2024-000238112-001|Qde de veículos fiscalizados|2.0
2024-000238112-001|Qde de pessoas abordadas|4.0
2024-000238112-001|Qde de locais fiscalizados|1.0
2024-000267575-001|Qde de veículos fiscalizados|2.0
2024-000267575-001|Qde de locais fiscalizados|2.0
2024-000267575-001|Qde de pessoas abordadas|5.0
2024-000266332-001|Qde de pessoas abordadas|10.0
2024-000266332-001|Qde de veículos fiscalizados|2.0
2024-000266332-001|Qde de locais fiscalizados|2.0
2024-000282019-001|Qde de veículos fiscalizados|2.0
2024-000282019-001|Qde de pessoas abordadas|8.0
2024-000282019-001|Qde de locais fiscalizados|1.0
2024-000283236-001|Qde de veículos fiscalizados|1.0
2024-000283236-001|Qde de pessoas abordadas|7.0
2024-000285486-001|Qde de pessoas abordadas|5.0
2024-000287457-001|Qde de veículos fiscalizados|5.0
2024-000287457-001|Qde de pessoas abordadas|5.0
2024-000287457-001|Qde de locais fiscalizados|5.0
2024-000285510-001|Qde de pessoas abordadas|5.0
2024-000285536-001|Qde de pessoas abordadas|5.0
2024-000285564-001|Qde de pessoas abordadas|8.0
2024-000308980-001|Qde de pessoas abordadas|2.0
2024-000308980-001|Qde de veículos fiscalizados|2.0
2024-000308980-001|Qde de locais fiscalizados|2.0
2024-000327188-001|Qde de locais fiscalizados|5.0
2024-000327188-001|Qde de pessoas abordadas|5.0
2024-000327188-001|Qde de veículos fiscalizados|5.0
2024-000328756-001|Qde de veículos fiscalizados|5.0
2024-000328756-001|Qde de pessoas abordadas|7.0
2024-000328756-001|Qde de locais fiscalizados|5.0
2024-000333144-001|Qde de locais fiscalizados|5.0
2024-000333144-001|Qde de pessoas abordadas|5.0
2024-000333144-001|Qde de veículos fiscalizados|5.0
2024-000385112-001|Qde de pessoas abordadas|5.0
2024-000385112-001|Qde de veículos fiscalizados|1.0
2024-000351748-001|Qde de veículos fiscalizados|3.0
2024-000351748-001|Qde de pessoas abordadas|5.0
2024-000351748-001|Qde de locais fiscalizados|3.0
2024-000338708-001|Qde de pessoas abordadas|5.0
2024-000338708-001|Qde de locais fiscalizados|5.0
2024-000338708-001|Qde de veículos fiscalizados|5.0
2024-000388549-001|Qde de pessoas abordadas|9.0
2024-000388549-001|Qde de veículos fiscalizados|2.0
2024-000352805-001|Qde de locais fiscalizados|3.0
2024-000352805-001|Qde de pessoas abordadas|5.0
2024-000352805-001|Qde de veículos fiscalizados|3.0
2024-000364280-001|Qde de locais fiscalizados|1.0
2024-000364280-001|Qde de pessoas abordadas|6.0
2024-000364280-001|Qde de veículos fiscalizados|1.0
2024-000373882-001|Qde de pessoas abordadas|20.0
2024-000373882-001|Qde de veículos fiscalizados|8.0
2024-000373882-001|Qde de locais fiscalizados|2.0
2024-005312160-001|Qde de pessoas abordadas|5.0
2024-005312160-001|FLAGRANTE DE CRIME / CONTRAVEN (AUTOR)|1.0
2024-005312160-001|Qde de locais fiscalizados|1.0
2024-000373722-001|Qde de veículos fiscalizados|1.0
2024-000373722-001|Qde de pessoas abordadas|4.0
2024-000364734-001|Qde de locais fiscalizados|1.0
2024-000364734-001|Qde de pessoas abordadas|9.0
2024-000364734-001|Qde de veículos fiscalizados|1.0
2024-000373488-001|Qde de pessoas abordadas|6.0
2024-000373488-001|Qde de veículos fiscalizados|1.0
2024-000373488-001|Qde de locais fiscalizados|1.0
2024-000384644-001|Qde de locais fiscalizados|5.0
2024-000384644-001|Qde de pessoas abordadas|13.0
2024-000384644-001|Qde de veículos fiscalizados|7.0
2024-000384813-001|Qde de veículos fiscalizados|5.0
2024-000384813-001|Qde de locais fiscalizados|5.0
2024-000384813-001|Qde de pessoas abordadas|5.0
2024-000404110-001|Qde de veículos fiscalizados|3.0
2024-000404110-001|Qde de pessoas abordadas|5.0
2024-000404110-001|Qde de locais fiscalizados|3.0
2024-003845638-001|Qde de pessoas abordadas|7.0
2024-003845638-001|Qde de veículos fiscalizados|7.0
2024-003845638-001|Qde de locais fiscalizados|1.0
2024-000380605-001|Qde de locais fiscalizados|1.0
2024-000380605-001|Qde de pessoas abordadas|5.0
2024-000380605-001|Qde de veículos fiscalizados|2.0
2024-000392600-001|Qde de pessoas abordadas|5.0
2024-000392600-001|Qde de veículos fiscalizados|5.0
2024-000392600-001|Qde de locais fiscalizados|5.0
2024-000392848-001|Qde de pessoas abordadas|3.0
2024-000392848-001|Qde de veículos fiscalizados|1.0
2024-000385363-001|Qde de pessoas abordadas|5.0
2024-000430121-001|Qde de veículos fiscalizados|5.0
2024-000430121-001|Qde de motocicletas fiscalizadas|25.0
2024-004659482-001|Qde de locais fiscalizados|2.0
2024-004659482-001|Qde de veículos fiscalizados|2.0
2024-004659482-001|Qde de pessoas abordadas|4.0
2024-000380752-001|Qde de pessoas abordadas|5.0
2024-000380752-001|Qde de locais fiscalizados|1.0
2024-000380752-001|Qde de veículos fiscalizados|2.0
2024-000362579-001|Qde de locais fiscalizados|2.0
2024-000362579-001|Qde de pessoas abordadas|8.0
2024-000362579-001|Qde de veículos fiscalizados|3.0
2024-003846410-001|Qde de veículos fiscalizados|5.0
2024-003846410-001|Qde de pessoas abordadas|5.0
2024-003846410-001|Qde de locais fiscalizados|1.0
2024-000404017-001|Qde de veículos fiscalizados|3.0
2024-000404017-001|Qde de locais fiscalizados|3.0
2024-000404017-001|Qde de pessoas abordadas|5.0
2024-000421999-001|Qde de pessoas abordadas|20.0
2024-000421999-001|Qde de veículos fiscalizados|8.0
2024-000362789-001|Qde de veículos fiscalizados|4.0
2024-000411285-001|Qde de locais fiscalizados|1.0
2024-000411285-001|Qde de veículos fiscalizados|1.0
2024-000411285-001|Qde de pessoas abordadas|4.0
2024-000418716-001|Qde de Etilômetros utilizados|1.0
2024-000418716-001|Qde de veículos fiscalizados|4.0
2024-000418716-001|Qde de ônibus / coletivo fiscalizados|4.0
2024-000416600-001|Qde de locais fiscalizados|5.0
2024-000416600-001|Qde de veículos fiscalizados|5.0
2024-000416600-001|Qde de pessoas abordadas|5.0
2024-000418471-001|Qde de locais fiscalizados|2.0
2024-000418471-001|Qde de pessoas abordadas|5.0
2024-000418471-001|Qde de veículos fiscalizados|2.0
2024-000420141-001|BUCHA DE MACONHA (UNIDADE) - APREENDIDO|62.0
2024-000420141-001|CARREGADOR / MUNICIADOR DE ARMA DE FOGO DE US (UNIDADE) - APREENDIDO|1.0
2024-000420141-001|CARTUCHO INTACTO (MUNICAO) DE ARMA DE FOGO DE (UNIDADE) - APREENDIDO|3.0
2024-000420141-001|FLAGRANTE DE CRIME / CONTRAVEN (AUTOR)|1.0
2024-000420141-001|Qde de pessoas abordadas|10.0
2024-000420141-001|CRACK EM PEDRAS (UNIDADE) - APREENDIDO|19.0
2024-000420141-001|SUBMETRALHADORA (USO RESTRITO) - APREENDIDO|1.0
2024-000420141-001|Qde de veículos fiscalizados|2.0
2024-000420141-001|Qde de locais fiscalizados|2.0
2024-000420141-001|OUTROS - COCAINA (UNIDADE) - APREENDIDO|6.0
2024-000420141-001|OUTROS OBJETOS (DISCRIMINAR NO HISTORICO) (UNIDADE) - APREENDIDO|1.0
2024-000422285-001|Qde de veículos fiscalizados|2.0
2024-000422285-001|Qde de pessoas abordadas|8.0
2024-000422285-001|Qde de locais fiscalizados|2.0
2024-000423790-001|Qde de veículos fiscalizados|5.0
2024-000423790-001|Qde de pessoas abordadas|11.0
2024-000423790-001|Qde de locais fiscalizados|5.0
2024-000438312-001|Qde de locais fiscalizados|4.0
2024-000438312-001|Qde de veículos fiscalizados|2.0
2024-000438312-001|Qde de pessoas abordadas|13.0
2024-000438394-001|Qde de locais fiscalizados|4.0
2024-000438394-001|Qde de pessoas abordadas|18.0
2024-000438171-001|Qde de veículos fiscalizados|1.0
2024-000438171-001|Qde de locais fiscalizados|4.0
2024-000438171-001|Qde de pessoas abordadas|12.0
2024-000438262-001|Qde de veículos fiscalizados|2.0
2024-000438262-001|Qde de pessoas abordadas|12.0
2024-000438262-001|Qde de locais fiscalizados|4.0
2024-000467223-001|Qde de pessoas abordadas|6.0
2024-000467223-001|Qde de veículos fiscalizados|2.0
2024-000467223-001|Qde de locais fiscalizados|3.0
2024-000443105-001|Qde de locais fiscalizados|4.0
2024-000443105-001|Qde de pessoas abordadas|15.0
2024-000443105-001|Qde de veículos fiscalizados|5.0
2024-000556113-001|Qde de veículos fiscalizados|5.0
2024-000556113-001|Qde de pessoas abordadas|5.0
2024-000563156-001|Qde de locais fiscalizados|1.0
2024-000563156-001|Qde de pessoas abordadas|2.0
2024-000578806-001|Qde de pessoas abordadas|5.0
2024-000557500-001|Qde de locais fiscalizados|2.0
2024-000557500-001|Qde de pessoas abordadas|2.0
2024-000568001-001|Qde de locais fiscalizados|2.0
2024-000568001-001|Qde de veículos fiscalizados|5.0
2024-000568001-001|Qde de pessoas abordadas|15.0
2024-000571858-001|Qde de pessoas abordadas|10.0
2024-000571858-001|Qde de veículos fiscalizados|6.0
2024-000571858-001|Qde de locais fiscalizados|2.0
2024-000574880-001|Qde de veículos fiscalizados|5.0
2024-000574880-001|Qde de locais fiscalizados|6.0
2024-000574880-001|Qde de pessoas abordadas|16.0
2024-000578561-001|Qde de pessoas abordadas|5.0
2024-000592041-001|Qde de pessoas abordadas|3.0
2024-000592041-001|Qde de locais fiscalizados|1.0
2024-000592041-001|Qde de veículos fiscalizados|3.0
2024-000631012-001|Qde de veículos fiscalizados|3.0
2024-000631012-001|Qde de pessoas abordadas|10.0
2024-000631012-001|Qde de locais fiscalizados|5.0
2024-000636918-001|Qde de pessoas abordadas|6.0
2024-000636918-001|Qde de locais fiscalizados|3.0
2024-004668351-001|Qde de veículos fiscalizados|3.0
2024-000732383-001|Qde de pessoas abordadas|5.0
2024-000732383-001|Qde de locais fiscalizados|4.0
2024-000732383-001|Qde de veículos fiscalizados|5.0
2024-004550901-001|Qde de veículos fiscalizados|8.0
2024-004550901-001|Qde de motocicletas fiscalizadas|8.0
2024-004550901-001|Qde de veículos retidos por infração de trânsito|1.0
2024-004550901-001|Qde de AIT/AINA lavradas|3.0
2024-004550901-001|Qde de motocicletas autuadas|3.0
2024-000678332-001|Qde de pessoas abordadas|8.0
2024-000678332-001|Qde de AIT/AINA lavradas|2.0
2024-000678332-001|Qde de carros autuados|2.0
2024-000678332-001|Qde de motocicletas fiscalizadas|2.0
2024-000678332-001|Qde de veículos autuados|2.0
2024-000678332-001|Qde de carros fiscalizados|3.0
2024-000678332-001|Qde de veículos fiscalizados|5.0
2024-000695145-001|Qde de locais fiscalizados|1.0
2024-004551778-001|Qde de adolescentes de 15 a 17 anos|3.0
2024-004551778-001|Qde de veículos fiscalizados|6.0
2024-004551778-001|Qde de adolescentes de 11 a 12 anos|2.0
2024-004551778-001|Qde de pessoas|16.0
2024-004551778-001|Qde de adolescentes de 13 a 14 anos|1.0
2024-004551778-001|Qde de adultos|8.0
2024-004551778-001|Qde de crianças de 4 a 9 anos|2.0
2024-004551778-001|Qde de locais fiscalizados|2.0
2024-004551778-001|Qde de pessoas abordadas|3.0
2024-000771497-001|Qde de motocicletas fiscalizadas|5.0
2024-000771497-001|Qde de veículos fiscalizados|5.0
2024-000755951-001|Qde de veículos fiscalizados|13.0
2024-000732342-001|Qde de pessoas abordadas|5.0
2024-000732342-001|Qde de locais fiscalizados|3.0
2024-000732342-001|Qde de veículos fiscalizados|3.0
2024-000773652-001|Qde de pessoas abordadas|5.0
2024-000718022-001|Qde de veículos fiscalizados|1.0
2024-000718022-001|Qde de locais fiscalizados|1.0
2024-000718022-001|Qde de pessoas abordadas|2.0
2024-005704341-001|Qde de pessoas abordadas|5.0
2024-005704341-001|Qde de veículos fiscalizados|2.0
2024-005704341-001|Qde de locais fiscalizados|2.0
2024-005711174-001|Qde de locais fiscalizados|3.0
2024-005711174-001|Qde de pessoas abordadas|3.0
2024-005711174-001|Qde de veículos fiscalizados|1.0
2024-004705377-001|Qde de veículos fiscalizados|3.0
2024-004705377-001|Qde de locais fiscalizados|3.0
2024-004705377-001|Qde de pessoas abordadas|7.0
2024-000729217-001|Qde de locais fiscalizados|5.0
2024-000729217-001|Qde de veículos fiscalizados|3.0
2024-000729217-001|Qde de pessoas abordadas|3.0
2024-000731796-001|Qde de pessoas abordadas|5.0
2024-000731796-001|Qde de locais fiscalizados|5.0
2024-000731796-001|Qde de veículos fiscalizados|5.0
2024-000756263-001|Qde de pessoas abordadas|5.0
2024-000738023-001|Qde de pessoas abordadas|10.0
2024-000738023-001|Qde de locais fiscalizados|2.0
2024-000746390-001|Qde de locais fiscalizados|2.0
2024-000746390-001|Qde de veículos fiscalizados|2.0
2024-000746390-001|Qde de pessoas abordadas|8.0
2024-000751455-001|Qde de pessoas abordadas|17.0
2024-000751455-001|Qde de locais fiscalizados|6.0
2024-000751455-001|Qde de veículos fiscalizados|5.0
2024-000771036-001|Qde de locais fiscalizados|1.0
2024-000771550-001|Qde de veículos fiscalizados|3.0
2024-000771550-001|Qde de pessoas abordadas|3.0
2024-000771550-001|Qde de locais fiscalizados|3.0
2024-000772294-001|Qde de locais fiscalizados|1.0
2024-000772294-001|Qde de pessoas abordadas|1.0
2024-000772294-001|Qde de veículos fiscalizados|1.0
2024-000773260-001|Qde de veículos fiscalizados|3.0
2024-000773260-001|Qde de locais fiscalizados|3.0
2024-000773260-001|Qde de pessoas abordadas|3.0
2024-000782092-001|Qde de pessoas que sopraram o etilômetro|5.0
2024-000782092-001|Qde de pessoas abordadas|15.0
2024-000782092-001|Qde de veículos fiscalizados|30.0
2024-020192159-001|Qde de adolescentes de 11 a 12 anos|84.0
2024-000782142-001|Qde de pessoas que sopraram o etilômetro|9.0
2024-000782142-001|Qde de pessoas abordadas|10.0
2024-000782142-001|Qde de veículos fiscalizados|50.0
2024-000785190-001|Qtd de agentes de outros órgãos (qual órgão citar no histórico)|3.0
2024-000782168-001|Qde de pessoas que sopraram o etilômetro|15.0
2024-000782168-001|Qde de veículos fiscalizados|60.0
2024-000782168-001|Qde de pessoas abordadas|10.0
2024-000836531-001|Qde de veículos fiscalizados|3.0
2024-000836531-001|Qde de locais fiscalizados|3.0
2024-000836531-001|Qde de pessoas abordadas|5.0
2024-000793550-001|Qde de pessoas que sopraram o etilômetro|9.0
2024-000793550-001|Qde de pessoas abordadas|10.0
2024-000793550-001|Qde de veículos fiscalizados|60.0
2024-000826341-001|Qde de veículos fiscalizados|2.0
2024-000826341-001|Qde de pessoas abordadas|5.0
2024-000826341-001|Qde de locais fiscalizados|3.0
2024-000813838-001|Qde de veículos fiscalizados|13.0
2024-005313689-001|Qde de locais fiscalizados|1.0
2024-005313689-001|Qde de pessoas abordadas|5.0
2024-005313689-001|ARMA BRANCA DE FABRICAÇÃO ARTESANAL (UNIDADE) - APREENDIDO|1.0
2024-005313689-001|FLAGRANTE DE CRIME / CONTRAVEN (AUTOR)|1.0
2024-000819638-001|Qde de pessoas abordadas|11.0
2024-000819638-001|OUTROS OBJETOS (DISCRIMINAR NO HISTORICO) (UNIDADE) - APREENDIDO|1.0
2024-000819638-001|CARTUCHO INTACTO (MUNICAO) DE ARMA DE FOGO DE (UNIDADE) - APREENDIDO|3.0
2024-000819638-001|FLAGRANTE DE CRIME / CONTRAVEN (AUTOR)|1.0
2024-000819638-001|REVOLVER - APREENDIDO|2.0
2024-000819638-001|Qde de veículos fiscalizados|3.0
2024-000819638-001|OUTROS - MACONHA (UNIDADE) - APREENDIDO|6.0
2024-000819638-001|PISTOLA - APREENDIDO|1.0
2024-000819638-001|MOEDA NACIONAL (REAL) (UNIDADE) - APREENDIDO|1.0
2024-000819638-001|Qde de locais fiscalizados|5.0
2024-000819638-001|FLAGRANTE DE ATO INFRACIONAL (AUTOR)|1.0
2024-000819638-001|CARTUCHO INTACTO (MUNICAO) DE CALIBRE RESTRIT (UNIDADE) - APREENDIDO|5.0
2024-000819638-001|HAXIXE EM BOLA (UNIDADE) - APREENDIDO|209.0
2024-000878166-001|Qde pessoas escoltadas|3.0
2024-000822895-001|Qde de pessoas abordadas|5.0
2024-000822895-001|Qde de locais fiscalizados|5.0
2024-000822895-001|Qde de veículos fiscalizados|5.0
2024-000825124-001|Qde de pessoas abordadas|50.0
2024-000825124-001|Qde de veículos fiscalizados|30.0
2024-000825124-001|Qde de locais fiscalizados|2.0
2024-000826705-001|Qde de pessoas abordadas|5.0
2024-000826705-001|Qde de veículos fiscalizados|5.0
2024-000826705-001|Qde de locais fiscalizados|5.0
2024-000828275-001|Qde de pessoas abordadas|5.0
2024-000828275-001|Qde de locais fiscalizados|2.0
2024-000828275-001|Qde de veículos fiscalizados|1.0
2024-000824684-001|Qde de veículos fiscalizados|2.0
2024-000824684-001|Qde de pessoas abordadas|9.0
2024-000824684-001|Qde de locais fiscalizados|1.0
2024-000836767-001|Qde de locais fiscalizados|1.0
2024-000836767-001|Qde de pessoas abordadas|4.0
2024-000860963-001|Qde de veículos fiscalizados|2.0
2024-000860963-001|Qde de locais fiscalizados|1.0
2024-000860963-001|Qde de pessoas abordadas|7.0
2024-000841506-001|Qde de veículos fiscalizados|5.0
2024-000841506-001|Qde de pessoas abordadas|5.0
2024-000841506-001|Qde de locais fiscalizados|5.0
2024-000878021-001|Qde de locais fiscalizados|3.0
2024-000878021-001|Qde de pessoas abordadas|5.0
2024-000878021-001|Qde de veículos fiscalizados|3.0
2024-000824853-001|Qde de pessoas abordadas|6.0
2024-000824853-001|Qde de locais fiscalizados|2.0
2024-000824853-001|Qde de veículos fiscalizados|1.0
2024-000846509-001|Qde de pessoas abordadas|23.0
2024-000846509-001|Qde de veículos fiscalizados|18.0
2024-000846509-001|Qde de locais fiscalizados|5.0
2024-000847560-001|Qde de locais fiscalizados|5.0
2024-000847560-001|Qde de veículos fiscalizados|5.0
2024-000847560-001|Qde de pessoas abordadas|5.0
2024-000851871-001|Qde de pessoas abordadas|5.0
2024-000851871-001|Qde de veículos fiscalizados|5.0
2024-000851871-001|Qde de locais fiscalizados|5.0
2024-000853097-001|Qde de pessoas abordadas|7.0
2024-000853097-001|Qde de locais fiscalizados|6.0
2024-000853097-001|Qde de veículos fiscalizados|5.0
2024-000854559-001|OUTROS - EQUIPAMENTOS PARA DROGAS / NARCOTICO (UNIDADE) - APREENDIDO|6.0
2024-000854559-001|Qde de locais fiscalizados|1.0
2024-000854559-001|CRACK EM PEDRAS (UNIDADE) - APREENDIDO|1.0
2024-000854559-001|PAPELOTES DE COCAINA (UNIDADE) - APREENDIDO|128.0
2024-000854559-001|MOEDA NACIONAL (REAL) (UNIDADE) - APREENDIDO|1.0
2024-000854559-001|Qde de pessoas abordadas|3.0
2024-000854559-001|FLAGRANTE DE ATO INFRACIONAL (CO-AUTOR)|2.0
2024-000854559-001|TELEFONE CELULAR (UNIDADE) - APREENDIDO|4.0
2024-000854559-001|PISTOLETE (CALIBRE DE ESPINGARDA) - APREENDIDO|1.0
2024-000854559-001|FLAGRANTE DE CRIME / CONTRAVEN (AUTOR)|1.0
2024-000854559-001|MACONHA PRENSADA (BARRA / TABLETE) (UNIDADE) - APREENDIDO|1.0
2024-000825005-001|Qde de pessoas abordadas|8.0
2024-000825005-001|Qde de locais fiscalizados|3.0
2024-000825005-001|Qde de veículos fiscalizados|2.0
2024-000862304-001|Qde de veículos fiscalizados|5.0
2024-000862304-001|Qde de locais fiscalizados|5.0
2024-000862304-001|Qde de pessoas abordadas|5.0
2024-000858256-001|Qde de locais fiscalizados|5.0
2024-000858256-001|Qde de veículos fiscalizados|5.0
2024-000858256-001|Qde de pessoas abordadas|10.0
2024-000867664-001|Qde de veículos fiscalizados|2.0
2024-000867664-001|Qde de pessoas abordadas|6.0
2024-003848356-001|Qde de pessoas abordadas|7.0
2024-003848356-001|Qde de locais fiscalizados|1.0
2024-003848356-001|Qde de veículos fiscalizados|7.0
2024-000825215-001|Qde de veículos fiscalizados|2.0
2024-000825215-001|Qde de pessoas abordadas|6.0
2024-000825215-001|Qde de locais fiscalizados|2.0
2024-000865546-001|Qde de inabilitados autuados|1.0
2024-000865546-001|Qde de veículos fiscalizados|21.0
2024-000865546-001|Qde de motocicletas fiscalizadas|21.0
2024-000865546-001|Qde de AIT/AINA lavradas|3.0
2024-000865546-001|Qde de veículos para os quais foi solicitada remoção|1.0
2024-000865546-001|Qde de motocicletas autuadas|1.0
2024-000865546-001|Qde de Etilômetros utilizados|1.0
2024-000877791-001|Qde de veículos fiscalizados|3.0
2024-000877791-001|Qde de pessoas abordadas|5.0
2024-000877791-001|Qde de locais fiscalizados|3.0
2024-000871151-001|Qde de pessoas abordadas|8.0
2024-000871151-001|Qde de locais fiscalizados|3.0
2024-000871151-001|Qde de veículos fiscalizados|5.0
2024-000871032-001|Qde de veículos fiscalizados|5.0
2024-000871032-001|Qde de pessoas abordadas|5.0
2024-000871032-001|Qde de locais fiscalizados|5.0
2024-000874274-001|Qde de locais fiscalizados|2.0
2024-005305300-001|Qde de Etilômetros utilizados|1.0
2024-000874274-001|Qde de veículos fiscalizados|8.0
2024-000874274-001|Qde de pessoas abordadas|20.0
2024-005305300-001|Qde de veículos fiscalizados|8.0
2024-005305300-001|Qde de carros fiscalizados|7.0
2024-005305300-001|Qde de veículos para os quais foi solicitada remoção|1.0
2024-005305300-001|Qde de AIT/AINA lavradas|3.0
2024-005305300-001|Qde de pessoas abordadas|20.0
2024-005305300-001|Qde de inabilitados autuados|1.0
2024-005305300-001|Qde de motocicletas fiscalizadas|1.0
2024-005305300-001|Qde de carros autuados|1.0
2024-005305300-001|Das pessoas que recusaram soprar etilômetro quantas apresentaram sintomas|1.0
2024-000912686-001|Qde de carros fiscalizados|8.0
2024-000912686-001|Qde de motocicletas fiscalizadas|6.0
2024-000876349-001|Qde de motocicletas fiscalizadas|3.0
2024-000876349-001|Qde de veículos fiscalizados|3.0
2024-000876258-001|Qde de locais fiscalizados|5.0
2024-000876258-001|Qde de pessoas abordadas|5.0
2024-000876258-001|Qde de veículos fiscalizados|5.0
2024-005885857-001|Qde de locais fiscalizados|1.0
2024-005885857-001|Qde de veículos fiscalizados|8.0
2024-005885857-001|Qde de pessoas abordadas|5.0
2024-004843260-001|Qde de pessoas abordadas|5.0
2024-004843260-001|Qde de locais fiscalizados|1.0
2024-000825400-001|Qde de pessoas abordadas|6.0
2024-000825400-001|Qde de veículos fiscalizados|2.0
2024-000825400-001|Qde de locais fiscalizados|1.0
2024-004843260-001|Qde de veículos fiscalizados|5.0
2024-000883600-001|Qde de locais fiscalizados|1.0
2024-000904125-001|Qde de veículos fiscalizados|1.0
2024-000904125-001|Qde de pessoas abordadas|4.0
2024-000904125-001|Qde de locais fiscalizados|1.0
2024-000888748-001|Qde de pessoas abordadas|5.0
2024-000888748-001|Qde de locais fiscalizados|3.0
2024-000888748-001|Qde de veículos fiscalizados|3.0
2024-000825804-001|Qde de locais fiscalizados|2.0
2024-000825804-001|Qde de veículos fiscalizados|1.0
2024-000825804-001|Qde de pessoas abordadas|7.0
2024-000903882-001|Qde de locais fiscalizados|1.0
2024-000903882-001|Qde de pessoas abordadas|5.0
2024-000896340-001|Qde de pessoas abordadas|12.0
2024-000896340-001|Qde de locais fiscalizados|4.0
2024-000896340-001|Qde de veículos fiscalizados|4.0
2024-000903920-001|Qde de pessoas abordadas|3.0
2024-000903920-001|Qde de veículos fiscalizados|2.0
2024-000903920-001|Qde de locais fiscalizados|1.0
2024-000904194-001|Qde de pessoas abordadas|4.0
2024-000904194-001|Qde de locais fiscalizados|1.0
2024-000904194-001|Qde de veículos fiscalizados|2.0
2024-000910016-001|Qde de locais fiscalizados|2.0
2024-000910016-001|Qde de veículos fiscalizados|3.0
2024-000910016-001|Qde de pessoas abordadas|5.0
2024-000903854-001|Qde de veículos fiscalizados|2.0
2024-000903854-001|Qde de pessoas abordadas|4.0
2024-000903854-001|Qde de locais fiscalizados|1.0
2024-000913730-001|Qde de veículos fiscalizados|2.0
2024-000913730-001|Qtd de agentes de outros órgãos (qual órgão citar no histórico)|3.0
2024-000913730-001|Qde de veículos para os quais foi solicitada remoção|2.0
2024-000916881-001|Qde de veículos autuados|3.0
2024-000916881-001|Qde de AIT/AINA lavradas|4.0
2024-000916881-001|Qde de carros autuados|1.0
2024-000916881-001|Qde de motocicletas autuadas|3.0
2024-000916881-001|Qde de pessoas abordadas|3.0
2024-000916881-001|Qde de motocicletas fiscalizadas|14.0
2024-000916881-001|Qde de veículos fiscalizados|14.0
2024-000933036-001|Qde de locais fiscalizados|2.0
2024-000933036-001|TELEFONE CELULAR (UNIDADE) - APREENDIDO|1.0
2024-000933036-001|Qde de pessoas abordadas|5.0
2024-000933036-001|FLAGRANTE DE CRIME / CONTRAVEN (AUTOR)|1.0
2024-000933694-001|Qde de pessoas abordadas|5.0
2024-000937426-001|Qde de veículos fiscalizados|5.0
2024-000937426-001|Qde de pessoas abordadas|5.0
2024-000937426-001|Qde de locais fiscalizados|5.0
2024-000941465-001|Qde de pessoas abordadas|5.0
2024-000941465-001|Qde de locais fiscalizados|2.0
2024-000941829-001|Qde de locais fiscalizados|4.0
2024-000941829-001|Qde de pessoas abordadas|2.0
2024-000946561-001|Qde de veículos fiscalizados|3.0
2024-000946561-001|Qde de locais fiscalizados|3.0
2024-000946561-001|Qde de pessoas abordadas|5.0
2024-000955365-001|Qde de veículos fiscalizados|1.0
2024-000955365-001|Qde de pessoas abordadas|5.0
2024-000955324-001|Qde de AIT/AINA lavradas|1.0
2024-000955324-001|Qde de motocicletas fiscalizadas|4.0
2024-000955324-001|Qde de veículos fiscalizados|9.0
2024-000955324-001|Qde de Etilômetros utilizados|1.0
2024-000955324-001|Qde de pessoas abordadas|9.0
2024-000955324-001|Qde de carros fiscalizados|5.0
2024-000955324-001|Qde de carros autuados|1.0
2024-000955324-001|Qde de veículos autuados|1.0
2024-000956357-001|Qde de veículos fiscalizados|2.0
2024-000957217-001|Qde de pessoas abordadas|6.0
2024-000957217-001|Qde de locais fiscalizados|2.0
2024-000957217-001|Qde de veículos fiscalizados|1.0
2024-000957678-001|Qde de pessoas abordadas|40.0
2024-000957678-001|Qde de locais fiscalizados|2.0
2024-000957678-001|Qde de veículos fiscalizados|25.0
2024-001033900-001|Qde de carros autuados|2.0
2024-001033900-001|Qde de AIT/AINA lavradas|22.0
2024-001033900-001|Qde de veículos autuados|8.0
2024-001033900-001|Qde de carros fiscalizados|4.0
2024-001033900-001|Qde de motocicletas autuadas|6.0
2024-001033900-001|Qde de motocicletas fiscalizadas|6.0
2024-001033900-001|Qde de veículos fiscalizados|10.0
2024-001033900-001|Qde de pessoas abordadas|15.0
2024-001033900-001|TCO/FLAGRANTE INFRACAO DE MENOR POTENCIAL OFENSIVO (AUTOR)|1.0
2024-000963584-001|Qde de pessoas abordadas|6.0
2024-000963584-001|Qde de veículos fiscalizados|3.0
2024-000963584-001|Qde de locais fiscalizados|2.0
2024-000946652-001|Qde de locais fiscalizados|3.0
2024-000946652-001|Qde de pessoas abordadas|5.0
2024-000946652-001|Qde de veículos fiscalizados|3.0
2024-004844095-001|Qde de pessoas abordadas|5.0
2024-004844095-001|Qde de veículos fiscalizados|5.0
2024-004844095-001|Qde de locais fiscalizados|1.0
2024-000968756-001|Qde de locais fiscalizados|1.0
2024-000968756-001|Qde de pessoas abordadas|9.0
2024-000968756-001|Qde de veículos fiscalizados|2.0
2024-000970520-001|Qde de veículos fiscalizados|4.0
2024-001025490-001|Qde de AIT/AINA lavradas|2.0
2024-001025490-001|Qde de veículos para os quais foi solicitada remoção|2.0
2024-001025490-001|Qde de pessoas abordadas|15.0
2024-001025490-001|MOTOCICLETA - APREENDIDO|1.0
2024-001025490-001|Qde de motocicletas fiscalizadas|6.0
2024-001025490-001|AUTOMOVEL - APREENDIDO|1.0
2024-001025490-001|Qde de veículos autuados|2.0
2024-001025490-001|Qde de veículos fiscalizados|10.0
2024-001025490-001|Qde de inabilitados autuados|1.0
2024-001025490-001|Qde de carros autuados|2.0
2024-001025490-001|Qde de carros fiscalizados|4.0
2024-000966497-001|Qde de locais fiscalizados|1.0
2024-000966497-001|Qde de pessoas abordadas|5.0
2024-000966497-001|Qde de veículos fiscalizados|2.0
2024-000976320-001|Qde de locais fiscalizados|5.0
2024-000976320-001|Qde de veículos fiscalizados|5.0
2024-000976320-001|Qde de pessoas abordadas|5.0
2024-000977205-001|Qde de locais fiscalizados|5.0
2024-000977205-001|Qde de pessoas abordadas|5.0
2024-000977205-001|Qde de veículos fiscalizados|5.0
2024-000980096-001|Qde de veículos fiscalizados|1.0
2024-000980096-001|Qde de locais fiscalizados|1.0
2024-000980096-001|Qde de pessoas abordadas|8.0
2024-004845691-001|Qde de veículos fiscalizados|5.0
2024-004845691-001|Qde de locais fiscalizados|1.0
2024-004845691-001|Qde de pessoas abordadas|5.0
2024-001014973-001|Qde de carros fiscalizados|4.0
2024-001014973-001|Qde de pessoas abordadas|7.0
2024-001014973-001|Qde de veículos fiscalizados|4.0
2024-000983059-001|Qde de locais fiscalizados|6.0
2024-000983059-001|Qde de pessoas abordadas|19.0
2024-000983059-001|Qde de veículos fiscalizados|15.0
2024-000983977-001|Qde de locais fiscalizados|5.0
2024-000983977-001|Qde de pessoas abordadas|5.0
2024-000983977-001|Qde de veículos fiscalizados|5.0
2024-000983977-001|RECAPTURA (AUTOR)|1.0
2024-000986394-001|Qde de pessoas abordadas|5.0
2024-000986394-001|Qde de veículos fiscalizados|5.0
2024-000986394-001|Qde de locais fiscalizados|5.0
2024-000987568-001|Qde de pessoas abordadas|5.0
2024-000987568-001|Qde de locais fiscalizados|1.0
2024-000970805-001|Qde de locais fiscalizados|3.0
2024-000970805-001|Qde de pessoas abordadas|8.0
2024-000970805-001|Qde de veículos fiscalizados|3.0
2024-000946769-001|Qde de locais fiscalizados|3.0
2024-000946769-001|Qde de veículos fiscalizados|3.0
2024-000946769-001|Qde de pessoas abordadas|5.0
2024-000999049-001|Qde de pessoas abordadas|5.0
2024-000999049-001|Qde de veículos fiscalizados|2.0
2024-001003278-001|Qde de pessoas abordadas|5.0
2024-001003278-001|Qde de veículos fiscalizados|5.0
2024-001003278-001|Qde de locais fiscalizados|5.0
2024-001019740-001|Qde de veículos fiscalizados|6.0
2024-001019740-001|Qde de locais fiscalizados|8.0
2024-001019740-001|FLAGRANTE DE CRIME / CONTRAVEN (AUTOR)|1.0
2024-001019740-001|ECSTASY / MDMA (UNIDADE) - APREENDIDO|1.0
2024-001019740-001|PAPELOTES DE COCAINA (UNIDADE) - APREENDIDO|1.0
2024-001019740-001|Qde de pessoas abordadas|13.0
2024-001014660-001|Qde de pessoas abordadas|6.0
2024-001014660-001|Qde de veículos fiscalizados|3.0
2024-001014660-001|Qde de carros fiscalizados|3.0
2024-000966443-001|Qde de pessoas abordadas|5.0
2024-000966443-001|Qde de veículos fiscalizados|2.0
2024-000966443-001|Qde de locais fiscalizados|1.0
2024-000895542-001|Qde de pessoas abordadas|20.0
2024-000895542-001|Qde de veículos fiscalizados|8.0
2024-001014488-001|Qde de pessoas abordadas|5.0
2024-001014488-001|Qde de locais fiscalizados|5.0
2024-001014488-001|Qde de veículos fiscalizados|5.0
2024-001020290-001|Qde de locais fiscalizados|1.0
2024-001020290-001|Qde de veículos fiscalizados|2.0
2024-001020290-001|Qde de pessoas abordadas|3.0
2024-001032189-001|Qde de veículos fiscalizados|2.0
2024-001032189-001|Qde de pessoas abordadas|8.0
2024-001039109-001|Qde de veículos fiscalizados|18.0
2024-001039109-001|Qde de táxi fiscalizados|2.0
2024-001039109-001|Qde de carros fiscalizados|14.0
2024-001039109-001|Qde de motocicletas fiscalizadas|4.0
2024-001039109-001|Qde de pessoas abordadas|4.0
2024-001040683-001|Qde de veículos autuados|7.0
2024-001040683-001|AUTOMOVEL - REMOVIDO|3.0
2024-001040683-001|Qde de carros autuados|3.0
2024-001040683-001|Qde de carros fiscalizados|7.0
2024-001040683-001|Qde de veículos fiscalizados|18.0
2024-001040683-001|Qde de de motofretes fiscalizados|8.0
2024-001040683-001|Qde de AIT/AINA lavradas|14.0
2024-001040683-001|Qde de motocicletas fiscalizadas|11.0
2024-001044337-001|MOEDA NACIONAL (REAL) (UNIDADE) - APREENDIDO|1.0
2024-001044337-001|FLAGRANTE DE CRIME / CONTRAVEN (AUTOR)|3.0
2024-001044337-001|OUTROS OBJETOS (DISCRIMINAR NO HISTORICO) (UNIDADE) - APREENDIDO|1.0
2024-001044337-001|CRACK EM PEDRAS (UNIDADE) - APREENDIDO|372.0
2024-001044337-001|OUTROS - COCAINA (UNIDADE) - APREENDIDO|147.0
2024-001044337-001|OUTROS - MACONHA (UNIDADE) - APREENDIDO|1.0
2024-001044337-001|Qde de locais fiscalizados|2.0
2024-001044337-001|PISTOLA - APREENDIDO|1.0
2024-001044337-001|Qde de pessoas abordadas|1.0
2024-004923293-001|Qde de pessoas abordadas|12.0
2024-004923293-001|Qde de locais fiscalizados|2.0
2024-004923293-001|Qde de veículos fiscalizados|1.0
2024-001218463-001|Qde de veículos fiscalizados|5.0
2024-001218463-001|Qde de locais fiscalizados|5.0
2024-001218463-001|Qde de pessoas abordadas|5.0
2024-001066519-001|Qde de pessoas|5.0
2024-004072401-001|Qde de pessoas abordadas|12.0
2024-004072401-001|Qde de veículos fiscalizados|8.0
2024-004072401-001|Qde de pessoas|12.0
2024-004072401-001|Qde de adultos|12.0
2024-004072401-001|Qde de locais fiscalizados|1.0
2024-004674831-001|Qde de locais fiscalizados|2.0
2024-004674831-001|Qde de veículos fiscalizados|5.0
2024-004674831-001|Qde de pessoas abordadas|7.0
2024-001089842-001|Qde de veículos fiscalizados|2.0
2024-001089842-001|Qde de pessoas abordadas|8.0
2024-001089842-001|Qde de locais fiscalizados|2.0
2024-004419657-001|Qde de locais fiscalizados|2.0
2024-004419657-001|Qde de veículos fiscalizados|3.0
2024-004419657-001|Qde de pessoas abordadas|5.0
2024-001135633-001|Qde de locais fiscalizados|5.0
2024-001135633-001|Qde de veículos fiscalizados|1.0
2024-001135633-001|Qde de pessoas abordadas|2.0
2024-001175215-001|Qde de pessoas abordadas|5.0
2024-001175215-001|Qde de veículos fiscalizados|2.0
2024-001175215-001|Qde de locais fiscalizados|3.0
2024-001167535-001|Qde de pessoas abordadas|11.0
2024-001167535-001|Qde de locais fiscalizados|16.0
2024-001167535-001|Qde de veículos fiscalizados|7.0
2024-001165746-001|Qde de pessoas abordadas|9.0
2024-001165746-001|Qde de locais fiscalizados|3.0
2024-001165746-001|Qde de veículos fiscalizados|5.0
2024-001175137-001|Qde de locais fiscalizados|2.0
2024-001175137-001|Qde de veículos fiscalizados|3.0
2024-001175137-001|Qde de pessoas abordadas|5.0
2024-001175412-001|Qde de pessoas abordadas|8.0
2024-001175412-001|Qde de locais fiscalizados|2.0
2024-001175412-001|Qde de veículos fiscalizados|3.0
2024-001175087-001|Qde de pessoas abordadas|6.0
2024-001175087-001|Qde de locais fiscalizados|3.0
2024-001175087-001|Qde de veículos fiscalizados|3.0
2024-001200173-001|Qde de veículos fiscalizados|5.0
2024-001200173-001|Qde de pessoas abordadas|7.0
2024-001200173-001|Qde de locais fiscalizados|1.0
2024-001187627-001|Qde de veículos fiscalizados|7.0
2024-001187627-001|Qde de locais fiscalizados|7.0
2024-001187627-001|Qde de pessoas abordadas|20.0
2024-001203180-001|Qde de veículos fiscalizados|2.0
2024-001203180-001|Qde de pessoas abordadas|9.0
2024-001203180-001|Qde de locais fiscalizados|2.0
2024-001207673-001|Qde de veículos fiscalizados|2.0
2024-001207673-001|Qde de pessoas abordadas|4.0
2024-001207673-001|Qde de locais fiscalizados|1.0
2024-001220685-001|Qde de autuações realizadas|1.0
2024-001222580-001|Qde de locais fiscalizados|10.0
2024-001222580-001|Qde de veículos fiscalizados|10.0
2024-001222580-001|Qde de pessoas abordadas|10.0
2024-001227451-001|Qde de locais fiscalizados|1.0
2024-001305549-001|Qde de veículos fiscalizados|3.0
2024-001305549-001|Qde de locais fiscalizados|3.0
2024-001305549-001|Qde de pessoas abordadas|5.0
2024-001240920-001|Qde de pessoas abordadas|18.0
2024-001240920-001|Qde de veículos fiscalizados|8.0
2024-001240920-001|Qde de locais fiscalizados|5.0
2024-001244396-001|Qde de locais fiscalizados|5.0
2024-001244396-001|Qde de pessoas abordadas|5.0
2024-001244396-001|Qde de veículos fiscalizados|5.0
2024-001260906-001|Qde de veículos fiscalizados|5.0
2024-001260906-001|Qde de locais fiscalizados|8.0
2024-001260906-001|Qde de pessoas abordadas|20.0
2024-001262476-001|Qde de veículos fiscalizados|5.0
2024-001262476-001|Qde de pessoas abordadas|5.0
2024-001262476-001|Qde de locais fiscalizados|5.0
2024-001329704-001|Qde de locais fiscalizados|3.0
2024-001329704-001|Qde de pessoas abordadas|5.0
2024-001304544-001|Qde de locais fiscalizados|1.0
2024-001304544-001|Qde de pessoas abordadas|7.0
2024-001304544-001|Qde de veículos fiscalizados|7.0
2024-001268549-001|Qde de locais fiscalizados|5.0
2024-001268549-001|Qde de pessoas abordadas|5.0
2024-001268549-001|Qde de veículos fiscalizados|5.0
2024-001274217-001|Qde de locais fiscalizados|2.0
2024-001274217-001|Qde de veículos fiscalizados|8.0
2024-001274217-001|Qde de pessoas abordadas|10.0
2024-001298075-001|Qde de pessoas abordadas|3.0
2024-001298075-001|Qde de veículos fiscalizados|1.0
2024-005093956-001|Qde de veículos fiscalizados|7.0
2024-005093956-001|Qde de motocicletas fiscalizadas|7.0
2024-001298075-001|Qde de locais fiscalizados|1.0
2024-004846160-001|Qde de veículos fiscalizados|5.0
2024-004846160-001|Qde de locais fiscalizados|3.0
2024-004846160-001|Qde de pessoas abordadas|5.0
2024-001290852-001|Qde de veículos fiscalizados|5.0
2024-001290852-001|Qde de locais fiscalizados|5.0
2024-001290852-001|Qde de pessoas abordadas|5.0
2024-001291346-001|Qde de pessoas abordadas|20.0
2024-001291346-001|Qde de veículos fiscalizados|20.0
2024-001306528-001|Qde de pessoas abordadas|8.0
2024-001306528-001|Qde de veículos fiscalizados|3.0
2024-001298742-001|Qde de pessoas abordadas|5.0
2024-001298742-001|Qde de veículos fiscalizados|3.0
2024-001298742-001|Qde de locais fiscalizados|3.0
2024-001299208-001|Qde de locais fiscalizados|3.0
2024-001299208-001|Qde de veículos fiscalizados|3.0
2024-001299208-001|Qde de pessoas abordadas|5.0
2024-001300784-001|Qde de pessoas abordadas|8.0
2024-001300784-001|Qde de locais fiscalizados|1.0
2024-001300784-001|TELEFONE CELULAR (UNIDADE) - APREENDIDO|1.0
2024-001300784-001|FLAGRANTE DE CRIME / CONTRAVEN (AUTOR)|1.0
2024-001317794-001|Qde de veículos fiscalizados|11.0
2024-001370832-001|Qde de veículos fiscalizados|6.0
2024-001370832-001|Qde de pessoas abordadas|14.0
2024-001370832-001|Qde de locais fiscalizados|5.0
2024-001317794-001|Qde de motocicletas fiscalizadas|6.0
2024-001317794-001|Qde de carros fiscalizados|5.0
2024-001317794-001|Qde de pessoas abordadas|12.0
2024-001309337-001|Qde de pessoas abordadas|5.0
2024-001309337-001|Qde de locais fiscalizados|1.0
2024-001318720-001|Qde de veículos fiscalizados|1.0
2024-001318720-001|Qde de locais fiscalizados|6.0
2024-001318720-001|Qde de pessoas abordadas|2.0
2024-001319410-001|Qde de veículos fiscalizados|7.0
2024-001319410-001|Qde de pessoas abordadas|21.0
2024-001319410-001|Qde de locais fiscalizados|12.0
2024-001323579-001|Qde de veículos fiscalizados|1.0
2024-001323579-001|Qde de pessoas abordadas|8.0
2024-001323579-001|Qde de locais fiscalizados|3.0
2024-001315438-001|Qde de locais fiscalizados|1.0
2024-001315438-001|Qde de pessoas abordadas|4.0
2024-001344048-001|Qde de pessoas abordadas|5.0
2024-001344048-001|Qde de veículos fiscalizados|2.0
2024-001344048-001|Qde de locais fiscalizados|1.0
2024-001370936-001|Qde de locais fiscalizados|6.0
2024-001370936-001|Qde de veículos fiscalizados|7.0
2024-001370936-001|Qde de pessoas abordadas|17.0
2024-001332303-001|Qde de pessoas abordadas|10.0
2024-001332303-001|Qde de locais fiscalizados|5.0
2024-001332303-001|Qde de veículos fiscalizados|6.0
2024-001332868-001|Qde de veículos fiscalizados|14.0
2024-001333561-001|Qde de veículos fiscalizados|2.0
2024-001299524-001|Qde de locais fiscalizados|3.0
2024-001299524-001|Qde de veículos fiscalizados|3.0
2024-001299524-001|Qde de pessoas abordadas|5.0
2024-001374044-001|Qde de veículos fiscalizados|5.0
2024-001374044-001|Qde de pessoas abordadas|11.0
2024-001374044-001|Qde de carros fiscalizados|5.0
2024-001337479-001|Qde de locais fiscalizados|5.0
2024-001337479-001|Qde de veículos fiscalizados|5.0
2024-001337479-001|Qde de pessoas abordadas|5.0
2024-001345631-001|Qde de locais fiscalizados|1.0
2024-001345631-001|Qde de veículos fiscalizados|2.0
2024-001345631-001|Qde de pessoas abordadas|5.0
2024-004846880-001|Qde de locais fiscalizados|1.0
2024-004846880-001|Qde de pessoas abordadas|5.0
2024-004846880-001|Qde de veículos fiscalizados|5.0
2024-001371040-001|Qde de pessoas abordadas|15.0
2024-001371040-001|Qde de locais fiscalizados|8.0
2024-001371040-001|Qde de veículos fiscalizados|6.0
2024-001346890-001|Qde de locais fiscalizados|5.0
2024-001346890-001|Qde de pessoas abordadas|5.0
2024-001346890-001|Qde de veículos fiscalizados|5.0
2024-001345538-001|Qde de pessoas abordadas|5.0
2024-001345538-001|Qde de veículos fiscalizados|2.0
2024-001345538-001|Qde de locais fiscalizados|1.0
2024-001354539-001|Qde de locais fiscalizados|3.0
2024-001354539-001|Qde de pessoas abordadas|7.0
2024-001354539-001|Qde de veículos fiscalizados|1.0
2024-001354842-001|Qde de locais fiscalizados|5.0
2024-001354842-001|Qde de veículos fiscalizados|5.0
2024-001354842-001|Qde de pessoas abordadas|5.0
2024-001356434-001|Qde de locais fiscalizados|5.0
2024-001356434-001|Qde de pessoas abordadas|5.0
2024-001356434-001|Qde de veículos fiscalizados|5.0
2024-001361935-001|Qde de locais fiscalizados|6.0
2024-001361935-001|Qde de pessoas abordadas|6.0
2024-001361935-001|Qde de veículos fiscalizados|3.0
2024-001374304-001|Qde de locais fiscalizados|2.0
2024-001389397-001|Qde de carros fiscalizados|6.0
2024-001389397-001|Qde de motocicletas fiscalizadas|11.0
2024-001388427-001|Qde de pessoas abordadas|9.0
2024-001388427-001|Qde de locais fiscalizados|5.0
2024-001388427-001|Qde de veículos fiscalizados|3.0
2024-001388380-001|Qde de locais fiscalizados|4.0
2024-001388380-001|Qde de pessoas abordadas|13.0
2024-001390911-001|Qde de autuações realizadas|1.0
2024-001390911-001|MANDADO JUDICIAL (AUTOR)|1.0
2024-001411122-001|Qde de pessoas abordadas|55.0
2024-001411122-001|Qde de veículos fiscalizados|10.0
2024-001411122-001|Qde de locais fiscalizados|15.0
2024-001425076-001|Qde de pessoas abordadas|7.0
2024-001425076-001|Qde de locais fiscalizados|3.0
2024-001425076-001|Qde de veículos fiscalizados|5.0
2024-004683770-001|Qde de veículos fiscalizados|3.0
2024-001432535-001|Qde de pessoas abordadas|6.0
2024-001432535-001|Qde de veículos fiscalizados|2.0
2024-001432535-001|Qde de locais fiscalizados|1.0
2024-001433555-001|Qde de pessoas abordadas|5.0
2024-001433555-001|Qde de veículos fiscalizados|5.0
2024-001433555-001|Qde de locais fiscalizados|5.0
2024-001436912-001|Qde de locais fiscalizados|2.0
2024-001436912-001|FLAGRANTE DE CRIME / CONTRAVEN (AUTOR)|3.0
2024-001436912-001|MOEDA NACIONAL (REAL) (UNIDADE) - APREENDIDO|2.0
2024-001436912-001|Qde de pessoas abordadas|3.0
2024-001436912-001|REVOLVER - APREENDIDO|1.0
2024-001436912-001|OUTROS - COCAINA (UNIDADE) - APREENDIDO|103.0
2024-001436912-001|OUTROS OBJETOS (DISCRIMINAR NO HISTORICO) (UNIDADE) - APREENDIDO|1.0
2024-001436912-001|CARTUCHO INTACTO (MUNICAO) DE ARMA DE FOGO DE (UNIDADE) - APREENDIDO|3.0
2024-001436912-001|OUTROS - MACONHA (UNIDADE) - APREENDIDO|8.0
2024-001437070-001|Qde de veículos fiscalizados|2.0
2024-001488239-001|CARTUCHO INTACTO (MUNICAO) DE ARMA DE FOGO DE (UNIDADE) - APREENDIDO|5.0
2024-001488239-001|BUCHA DE MACONHA (UNIDADE) - APREENDIDO|1.0
2024-001488239-001|Qde de locais fiscalizados|1.0
2024-001488239-001|OUTROS - EQUIPAMENTOS PARA DROGAS / NARCOTICO (UNIDADE) - APREENDIDO|1.0
2024-001488239-001|FLAGRANTE DE CRIME / CONTRAVEN (AUTOR)|1.0
2024-001488239-001|OUTROS - CRACK (UNIDADE) - APREENDIDO|5.0
2024-001488239-001|REVOLVER - APREENDIDO|1.0
2024-001488239-001|MOEDA NACIONAL (REAL) (UNIDADE) - APREENDIDO|1.0
2024-001488239-001|Qde de pessoas abordadas|1.0
2024-004708277-001|Qde de veículos fiscalizados|7.0
2024-004708277-001|Qde de motocicletas autuadas|1.0
2024-004708277-001|Qde de AIT/AINA lavradas|1.0
2024-004708277-001|Qde de motocicletas fiscalizadas|7.0
2024-001473412-001|Qde de veículos fiscalizados|10.0
2024-001473412-001|Qde de locais fiscalizados|8.0
2024-001473412-001|Qde de pessoas abordadas|12.0
2024-013328468-001|MOTOCICLETA - APREENDIDO|1.0
2024-013328468-001|Qde de veículos para os quais foi solicitada remoção|1.0
2024-013328468-001|FLAGRANTE DE ATO INFRACIONAL (CONDUTOR DO VEICULO)|1.0
2024-013328468-001|Qde de AIT/AINA lavradas|6.0
2024-013328468-001|Qde de inabilitados autuados|2.0
2024-013328468-001|Qde de pessoas abordadas|5.0
2024-013328468-001|Qde de veículos autuados|4.0
2024-001480258-001|Qde de locais fiscalizados|1.0
2024-001480258-001|Qde de veículos fiscalizados|2.0
2024-001480258-001|Qde de pessoas abordadas|6.0
2024-003783123-001|Qde de locais fiscalizados|3.0
2024-003783123-001|Qde de pessoas abordadas|11.0
2024-003783123-001|Qde de veículos fiscalizados|4.0
2024-004690769-001|Qde de pessoas abordadas|7.0
2024-004690769-001|Qde de locais fiscalizados|1.0
2024-004690769-001|Qde de veículos fiscalizados|5.0
2024-001472420-001|Qde de locais fiscalizados|1.0
2024-001472420-001|Qde de pessoas abordadas|2.0
2024-001481224-001|Qde de veículos fiscalizados|10.0
2024-001494998-001|Qde de locais fiscalizados|5.0
2024-001494998-001|Qde de veículos fiscalizados|20.0
2024-001494998-001|Qde de pessoas abordadas|20.0
2024-004850666-001|Qde de pessoas abordadas|3.0
2024-004850666-001|Qde de crianças de 4 a 9 anos|2.0
2024-004850666-001|Qde de adolescentes de 15 a 17 anos|3.0
2024-004850666-001|Qde de pessoas|25.0
2024-004850666-001|Qde de crianças de 10 anos|3.0
2024-004850666-001|Qde de veículos fiscalizados|8.0
2024-004850666-001|Qde de adultos|14.0
2024-004850666-001|Qde de autuações realizadas|1.0
2024-004850666-001|Qde de adolescentes de 11 a 12 anos|1.0
2024-004850666-001|Qde de adolescentes de 13 a 14 anos|2.0
2024-004850666-001|Qde de locais fiscalizados|3.0
2024-001535864-001|Qde de pessoas abordadas|5.0
2024-001535864-001|Qde de locais fiscalizados|5.0
2024-001535864-001|Qde de veículos fiscalizados|5.0
2024-001516188-001|Qde de veículos fiscalizados|20.0
2024-001516188-001|Qde de locais fiscalizados|5.0
2024-001516188-001|Qde de pessoas abordadas|20.0
2024-001521557-001|Qde de pessoas abordadas|9.0
2024-001521557-001|Qde de carros fiscalizados|9.0
2024-001521557-001|Qde de veículos fiscalizados|9.0
2024-001526287-001|Qde de pessoas abordadas|20.0
2024-001526287-001|Qde de veículos fiscalizados|20.0
2024-001526287-001|Qde de locais fiscalizados|5.0
2024-004851632-001|Qde de pessoas abordadas|6.0
2024-004851632-001|Qde de veículos fiscalizados|3.0
2024-004851632-001|Qde de locais fiscalizados|3.0
2024-001514921-001|FLAGRANTE DE CRIME / CONTRAVEN (AUTOR)|1.0
2024-001514921-001|TELEFONE CELULAR (UNIDADE) - APREENDIDO|1.0
2024-001514921-001|CARTUCHO INTACTO (MUNICAO) DE ARMA DE FOGO DE (UNIDADE) - APREENDIDO|10.0
2024-001514921-001|PISTOLA - APREENDIDO|1.0
2024-001536003-001|Qde de veículos fiscalizados|5.0
2024-001536003-001|Qde de pessoas abordadas|5.0
2024-001536003-001|Qde de locais fiscalizados|5.0
2024-001518014-001|Qde de veículos fiscalizados|1.0
2024-001518014-001|Qde de pessoas abordadas|7.0
2024-001518014-001|Qde de locais fiscalizados|2.0
2024-001549119-001|Qde de veículos fiscalizados|4.0
2024-001549119-001|Qde de pessoas que sopraram o etilômetro|1.0
2024-001530021-001|Qde de locais fiscalizados|3.0
2024-001530021-001|Qde de pessoas abordadas|12.0
2024-001530021-001|Qde de veículos fiscalizados|4.0
2024-001532321-001|Qde de locais fiscalizados|1.0
2024-001532321-001|Qde de pessoas abordadas|3.0
2024-001560002-001|Qde de veículos fiscalizados|2.0
2024-001560002-001|Qde de pessoas abordadas|2.0
2024-001560002-001|Qde de locais fiscalizados|1.0
2024-001534123-001|Qde de veículos fiscalizados|4.0
2024-001534123-001|Qde de pessoas abordadas|6.0
2024-001534123-001|Qde de locais fiscalizados|1.0
2024-001536107-001|Qde de pessoas abordadas|7.0
2024-001536107-001|Qde de locais fiscalizados|2.0
2024-001536107-001|Qde de veículos fiscalizados|2.0
